Workbook

Sheet Billing_Extract
A1: Invoice ID | B1: Customer | C1: Invoice Date | D1: Billing Amount
A2: INV-00001 | B2: Customer 27 | C2: 2026-08-06 | D2: 12788.74
A3: INV-00002 | B3: Customer 14 | C3: 2026-08-30 | D3: 36192.99
A4: INV-00003 | B4: Customer 33 | C4: 2026-07-24 | D4: 60685.15
A5: INV-00004 | B5: Customer 16 | C5: 2026-07-01 | D5: 38128.77
A6: INV-00005 | B6: Customer 38 | C6: 2026-08-24 | D6: 1552.04
A7: INV-00006 | B7: Customer 15 | C7: 2026-07-30 | D7: 5660.22
A8: INV-00007 | B8: Customer 28 | C8: 2026-08-22 | D8: 52196.93
A9: INV-00008 | B9: Customer 03 | C9: 2026-08-12 | D9: 46383.81
A10: INV-00009 | B10: Customer 08 | C10: 2026-08-17 | D10: 40741.13
A11: INV-00010 | B11: Customer 06 | C11: 2026-07-16 | D11: 2230.2
A12: INV-00011 | B12: Customer 02 | C12: 2026-08-28 | D12: 60741.66
A13: INV-00012 | B13: Customer 22 | C13: 2026-08-21 | D13: 12501.85
... A121: INV-00120 | B121: Customer 22 | C121: 2026-07-20 | D121: 35597.59

Sheet ERP_Extract
A1: Invoice ID | B1: Customer | C1: Post Date | D1: ERP Amount
A2: INV-00001 | B2: Customer 27 | C2: 2026-08-06 | D2: 12788.74
A3: INV-00002 | B3: Customer 14 | C3: 2026-08-30 | D3: 36192.99
A4: INV-00003 | B4: Customer 33 | C4: 2026-07-24 | D4: 60685.15
A5: INV-00004 | B5: Customer 16 | C5: 2026-07-01 | D5: 38128.77
A6: INV-00005 | B6: Customer 38 | C6: 2026-08-24 | D6: 1552.04
A7: INV-00006 | B7: Customer 15 | C7: 2026-07-30 | D7: 5660.22
A8: INV-00007 | B8: Customer 28 | C8: 2026-08-22 | D8: 52196.93
A9: INV-00008 | B9: Customer 03 | C9: 2026-08-12 | D9: 46383.81
A10: INV-00009 | B10: Customer 08 | C10: 2026-08-17 | D10: 40741.13
A11: INV-00011 | B11: Customer 02 | C11: 2026-08-28 | D11: 60891.66
A12: INV-00012 | B12: Customer 22 | C12: 2026-08-21 | D12: 12501.85
A13: INV-00013 | B13: Customer 12 | C13: 2026-07-05 | D13: 36610.42
... A120: INV-90002 | B120: Customer 22 | C120: 2026-09-02 | D120: 8320.5

Sheet Reconciliation
A1: Invoice ID | B1: Billing Amount | C1: ERP Amount | D1: Variance | E1: Status
A2: INV-00001 | B2: =IFERROR(INDEX(Billing_Extract!$D$2:$D$121,MATCH($A2,Billing_Extract!$A$2:$A$121,0)),"—") | C2: =IFERROR(INDEX(ERP_Extract!$D$2:$D$120,MATCH($A2,ERP_Extract!$A$2:$A$120,0)),"—") | D2: =IF(OR(B2="—",C2="—"),"—",B2-C2) | E2: =IF(B2="—","Missing in Billing",IF(C2="—","Missing in ERP",IF(D2=0,"✓ Match","⚠ Investigate")))
A3: INV-00002 | B3: =IFERROR(INDEX(Billing_Extract!$D$2:$D$121,MATCH($A3,Billing_Extract!$A$2:$A$121,0)),"—") | C3: =IFERROR(INDEX(ERP_Extract!$D$2:$D$120,MATCH($A3,ERP_Extract!$A$2:$A$120,0)),"—") | D3: =IF(OR(B3="—",C3="—"),"—",B3-C3) | E3: =IF(B3="—","Missing in Billing",IF(C3="—","Missing in ERP",IF(D3=0,"✓ Match","⚠ Investigate")))
A4: INV-00003 | B4: =IFERROR(INDEX(Billing_Extract!$D$2:$D$121,MATCH($A4,Billing_Extract!$A$2:$A$121,0)),"—") | C4: =IFERROR(INDEX(ERP_Extract!$D$2:$D$120,MATCH($A4,ERP_Extract!$A$2:$A$120,0)),"—") | D4: =IF(OR(B4="—",C4="—"),"—",B4-C4) | E4: =IF(B4="—","Missing in Billing",IF(C4="—","Missing in ERP",IF(D4=0,"✓ Match","⚠ Investigate")))
A5: INV-00004 | B5: =IFERROR(INDEX(Billing_Extract!$D$2:$D$121,MATCH($A5,Billing_Extract!$A$2:$A$121,0)),"—") | C5: =IFERROR(INDEX(ERP_Extract!$D$2:$D$120,MATCH($A5,ERP_Extract!$A$2:$A$120,0)),"—") | D5: =IF(OR(B5="—",C5="—"),"—",B5-C5) | E5: =IF(B5="—","Missing in Billing",IF(C5="—","Missing in ERP",IF(D5=0,"✓ Match","⚠ Investigate")))
A6: INV-00005 | B6: =IFERROR(INDEX(Billing_Extract!$D$2:$D$121,MATCH($A6,Billing_Extract!$A$2:$A$121,0)),"—") | C6: =IFERROR(INDEX(ERP_Extract!$D$2:$D$120,MATCH($A6,ERP_Extract!$A$2:$A$120,0)),"—") | D6: =IF(OR(B6="—",C6="—"),"—",B6-C6) | E6: =IF(B6="—","Missing in Billing",IF(C6="—","Missing in ERP",IF(D6=0,"✓ Match","⚠ Investigate")))
A7: INV-00006 | B7: =IFERROR(INDEX(Billing_Extract!$D$2:$D$121,MATCH($A7,Billing_Extract!$A$2:$A$121,0)),"—") | C7: =IFERROR(INDEX(ERP_Extract!$D$2:$D$120,MATCH($A7,ERP_Extract!$A$2:$A$120,0)),"—") | D7: =IF(OR(B7="—",C7="—"),"—",B7-C7) | E7: =IF(B7="—","Missing in Billing",IF(C7="—","Missing in ERP",IF(D7=0,"✓ Match","⚠ Investigate")))
A8: INV-00007 | B8: =IFERROR(INDEX(Billing_Extract!$D$2:$D$121,MATCH($A8,Billing_Extract!$A$2:$A$121,0)),"—") | C8: =IFERROR(INDEX(ERP_Extract!$D$2:$D$120,MATCH($A8,ERP_Extract!$A$2:$A$120,0)),"—") | D8: =IF(OR(B8="—",C8="—"),"—",B8-C8) | E8: =IF(B8="—","Missing in Billing",IF(C8="—","Missing in ERP",IF(D8=0,"✓ Match","⚠ Investigate")))
A9: INV-00008 | B9: =IFERROR(INDEX(Billing_Extract!$D$2:$D$121,MATCH($A9,Billing_Extract!$A$2:$A$121,0)),"—") | C9: =IFERROR(INDEX(ERP_Extract!$D$2:$D$120,MATCH($A9,ERP_Extract!$A$2:$A$120,0)),"—") | D9: =IF(OR(B9="—",C9="—"),"—",B9-C9) | E9: =IF(B9="—","Missing in Billing",IF(C9="—","Missing in ERP",IF(D9=0,"✓ Match","⚠ Investigate")))
A10: INV-00009 | B10: =IFERROR(INDEX(Billing_Extract!$D$2:$D$121,MATCH($A10,Billing_Extract!$A$2:$A$121,0)),"—") | C10: =IFERROR(INDEX(ERP_Extract!$D$2:$D$120,MATCH($A10,ERP_Extract!$A$2:$A$120,0)),"—") | D10: =IF(OR(B10="—",C10="—"),"—",B10-C10) | E10: =IF(B10="—","Missing in Billing",IF(C10="—","Missing in ERP",IF(D10=0,"✓ Match","⚠ Investigate")))
A11: INV-00010 | B11: =IFERROR(INDEX(Billing_Extract!$D$2:$D$121,MATCH($A11,Billing_Extract!$A$2:$A$121,0)),"—") | C11: =IFERROR(INDEX(ERP_Extract!$D$2:$D$120,MATCH($A11,ERP_Extract!$A$2:$A$120,0)),"—") | D11: =IF(OR(B11="—",C11="—"),"—",B11-C11) | E11: =IF(B11="—","Missing in Billing",IF(C11="—","Missing in ERP",IF(D11=0,"✓ Match","⚠ Investigate")))
A12: INV-00011 | B12: =IFERROR(INDEX(Billing_Extract!$D$2:$D$121,MATCH($A12,Billing_Extract!$A$2:$A$121,0)),"—") | C12: =IFERROR(INDEX(ERP_Extract!$D$2:$D$120,MATCH($A12,ERP_Extract!$A$2:$A$120,0)),"—") | D12: =IF(OR(B12="—",C12="—"),"—",B12-C12) | E12: =IF(B12="—","Missing in Billing",IF(C12="—","Missing in ERP",IF(D12=0,"✓ Match","⚠ Investigate")))
A13: INV-00012 | B13: =IFERROR(INDEX(Billing_Extract!$D$2:$D$121,MATCH($A13,Billing_Extract!$A$2:$A$121,0)),"—") | C13: =IFERROR(INDEX(ERP_Extract!$D$2:$D$120,MATCH($A13,ERP_Extract!$A$2:$A$120,0)),"—") | D13: =IF(OR(B13="—",C13="—"),"—",B13-C13) | E13: =IF(B13="—","Missing in Billing",IF(C13="—","Missing in ERP",IF(D13=0,"✓ Match","⚠ Investigate")))
... A123: INV-90002 | B123: =IFERROR(INDEX(Billing_Extract!$D$2:$D$121,MATCH($A123,Billing_Extract!$A$2:$A$121,0)),"—") | C123: =IFERROR(INDEX(ERP_Extract!$D$2:$D$120,MATCH($A123,ERP_Extract!$A$2:$A$120,0)),"—") | D123: =IF(OR(B123="—",C123="—"),"—",B123-C123) | E123: =IF(B123="—","Missing in Billing",IF(C123="—","Missing in ERP",IF(D123=0,"✓ Match","⚠ Investigate")))

Sheet Summary
A1: Revenue Reconciliation — Summary
A3: Total invoices (Billing) | B3: =COUNTA(Billing_Extract!A2:A121) | D3: Category | E3: Count
A4: Total invoices (ERP) | B4: =COUNTA(ERP_Extract!A2:A120) | D4: Matched | E4: =B4
A5: Matched | B5: =COUNTIF(Reconciliation!E2:E123,"✓ Match") | D5: Investigate | E5: =B5
A6: Variances to investigate | B6: =COUNTIF(Reconciliation!E2:E123,"⚠ Investigate") | D6: Missing in ERP | E6: =B6
A7: Missing in ERP | B7: =COUNTIF(Reconciliation!E2:E123,"Missing in ERP") | D7: Missing in Billing | E7: =B7
A8: Missing in Billing | B8: =COUNTIF(Reconciliation!E2:E123,"Missing in Billing")
A9: Total billing amount | B9: =SUM(Billing_Extract!D2:D121)
A10: Total ERP amount | B10: =SUM(ERP_Extract!D2:D120)
A11: Net variance | B11: =B8-B9
A12: Match rate | B12: =B4/(B4+B5+B6+B7)
